execution_time,side,quantity,price,product,profit
2022-01-08 16:00:00+01:00,buy,0.5,61.52,2022-01-09 03:00:00+01:00,-7.69
2022-01-08 16:00:00+01:00,buy,0.5,40.32,2022-01-09 04:30:00+01:00,-5.04
2022-01-08 16:00:00+01:00,sell,0.3599999999999999,79.66,2022-01-09 05:00:00+01:00,7.169399999999997
2022-01-08 16:00:00+01:00,sell,0.5,79.95,2022-01-09 05:15:00+01:00,9.99375
2022-01-08 16:00:00+01:00,buy,0.16279069767441876,58.01,2022-01-09 05:45:00+01:00,-2.360872093023258
2022-01-08 16:00:00+01:00,buy,0.5,56.54,2022-01-09 06:00:00+01:00,-7.0675
2022-01-08 16:00:00+01:00,buy,0.5,47.42,2022-01-09 06:30:00+01:00,-5.9275
2022-01-08 16:00:00+01:00,sell,0.5,83.14,2022-01-09 06:45:00+01:00,10.3925
2022-01-08 16:00:00+01:00,sell,0.5,85.64,2022-01-09 07:45:00+01:00,10.705
2022-01-08 16:15:00+01:00,buy,0.5,45.43,2022-01-09 01:00:00+01:00,-5.67875
2022-01-08 16:15:00+01:00,sell,0.43000000000000044,95.56,2022-01-09 01:45:00+01:00,10.272700000000011
2022-01-08 16:15:00+01:00,buy,0.5227906976744193,65.24,2022-01-09 05:00:00+01:00,-8.52671627906978
2022-01-08 16:15:00+01:00,sell,0.5,97.64,2022-01-09 05:30:00+01:00,12.205
2022-01-08 16:15:00+01:00,buy,0.3372093023255812,53.87,2022-01-09 05:45:00+01:00,-4.541366279069765
2022-01-08 16:15:00+01:00,buy,0.24418604651162823,60.13,2022-01-09 07:00:00+01:00,-3.6707267441860516
2022-01-08 16:15:00+01:00,sell,0.5,80.45,2022-01-09 08:15:00+01:00,10.05625
2022-01-08 16:30:00+01:00,buy,0.5,46.14,2022-01-09 01:15:00+01:00,-5.7675
2022-01-08 16:30:00+01:00,buy,0.5,39.7,2022-01-09 02:30:00+01:00,-4.9625
2022-01-08 16:30:00+01:00,buy,0.15052023046313573,47.81,2022-01-09 05:00:00+01:00,-1.7990930546106298
2022-01-08 16:30:00+01:00,sell,1.0,98.93,2022-01-09 06:00:00+01:00,24.7325
2022-01-08 16:30:00+01:00,sell,0.27944739819830283,93.99,2022-01-09 06:15:00+01:00,6.56631523916462
2022-01-08 16:30:00+01:00,sell,0.24418604651162823,60.13,2022-01-09 07:00:00+01:00,3.6707267441860516
2022-01-08 16:30:00+01:00,buy,0.5,80.45,2022-01-09 08:15:00+01:00,-10.05625
2022-01-08 16:30:00+01:00,buy,0.5,31.77,2022-01-09 10:15:00+01:00,-3.97125
2022-01-08 16:30:00+01:00,sell,0.5,98.11,2022-01-09 10:45:00+01:00,12.26375
2022-01-08 16:45:00+01:00,sell,0.18668907186244288,46.14,2022-01-09 01:15:00+01:00,2.1534584439332787
2022-01-08 16:45:00+01:00,sell,0.26944739819829905,85.86,2022-01-09 01:30:00+01:00,5.783688402326489
2022-01-08 16:45:00+01:00,buy,1.0408340855860843e-17,84.74,2022-01-09 04:30:00+01:00,-2.2050070103141192e-16
2022-01-08 16:45:00+01:00,sell,0.5100000000000036,84.74,2022-01-09 04:30:00+01:00,10.804350000000074
2022-01-08 16:45:00+01:00,buy,0.18668907186244477,33.46,2022-01-09 05:00:00+01:00,-1.5616540861293504
2022-01-08 16:45:00+01:00,buy,0.27944739819830283,71.68,2022-01-09 06:15:00+01:00,-5.007697375713588
2022-01-08 16:45:00+01:00,buy,0.5,29.03,2022-01-09 07:15:00+01:00,-3.62875
2022-01-08 17:00:00+01:00,sell,0.07000000000001529,84.74,2022-01-09 04:30:00+01:00,1.4829500000003237
2022-01-08 17:00:00+01:00,buy,0.5,46.93,2022-01-09 06:15:00+01:00,-5.86625
2022-01-08 17:00:00+01:00,sell,0.5,67.95,2022-01-09 07:15:00+01:00,8.49375
2022-01-08 17:00:00+01:00,buy,0.07000000000001355,67.4,2022-01-09 10:45:00+01:00,-1.1795000000002285
2022-01-08 17:15:00+01:00,buy,0.26944739819829905,59.64,2022-01-09 01:30:00+01:00,-4.017460707136639
2022-01-08 17:15:00+01:00,sell,0.489447398198325,73.09,2022-01-09 04:00:00+01:00,8.943427583578893
2022-01-08 17:15:00+01:00,buy,0.08000000000001883,45.5,2022-01-09 04:30:00+01:00,-0.9100000000002142
2022-01-08 17:15:00+01:00,buy,0.5,29.97,2022-01-09 04:45:00+01:00,-3.74625
2022-01-08 17:15:00+01:00,sell,1.0,84.19,2022-01-09 05:45:00+01:00,21.0475
2022-01-08 17:15:00+01:00,buy,0.5,29.25,2022-01-09 06:00:00+01:00,-3.65625
2022-01-08 17:15:00+01:00,sell,0.3600000000000037,69.29,2022-01-09 07:15:00+01:00,6.236100000000064
2022-01-08 17:15:00+01:00,buy,0.5,30.82,2022-01-09 07:45:00+01:00,-3.8525
2022-01-08 17:15:00+01:00,sell,1.3489209749195652e-14,67.4,2022-01-09 10:45:00+01:00,2.2729318427394675e-13
2022-01-08 17:30:00+01:00,sell,0.3133109281375571,59.9,2022-01-09 01:15:00+01:00,4.691831148859918
2022-01-08 17:30:00+01:00,buy,0.489447398198325,46.08,2022-01-09 04:00:00+01:00,-5.6384340272447036
2022-01-08 17:30:00+01:00,sell,0.5,47.54,2022-01-09 05:00:00+01:00,5.9425
2022-01-08 17:30:00+01:00,buy,0.20999999999999636,81.19,2022-01-09 05:45:00+01:00,-4.262474999999926
2022-01-08 17:30:00+01:00,buy,0.5,29.25,2022-01-09 06:00:00+01:00,-3.65625
2022-01-08 17:30:00+01:00,sell,0.5,56.75,2022-01-09 06:30:00+01:00,7.09375
2022-01-08 17:30:00+01:00,sell,0.1294473981983008,79.58,2022-01-09 07:00:00+01:00,2.5753559871551945
2022-01-08 17:30:00+01:00,buy,0.36000000000000365,63.02,2022-01-09 07:15:00+01:00,-5.671800000000058
2022-01-08 17:30:00+01:00,buy,0.3133109281375571,37.62,2022-01-09 07:45:00+01:00,-2.9466892791337247
2022-01-08 17:30:00+01:00,sell,0.5,82.77,2022-01-09 09:30:00+01:00,10.34625
2022-01-08 17:30:00+01:00,buy,0.5,24.81,2022-01-09 10:30:00+01:00,-3.10125
2022-01-08 17:30:00+01:00,sell,0.4300000000000161,65.43,2022-01-09 11:00:00+01:00,7.033725000000264
2022-01-08 17:45:00+01:00,sell,0.5,49.99,2022-01-09 02:30:00+01:00,6.24875
2022-01-08 17:45:00+01:00,sell,0.5,63.76,2022-01-09 03:00:00+01:00,7.97
2022-01-08 17:45:00+01:00,buy,0.5,46.08,2022-01-09 04:00:00+01:00,-5.76
2022-01-08 17:45:00+01:00,sell,0.12944739819832388,80.92,2022-01-09 04:15:00+01:00,2.618720865552092
2022-01-08 17:45:00+01:00,buy,1.0,44.67,2022-01-09 05:30:00+01:00,-11.1675
2022-01-08 17:45:00+01:00,sell,0.5,75.22,2022-01-09 06:00:00+01:00,9.4025
2022-01-08 17:45:00+01:00,buy,0.1294473981983008,79.58,2022-01-09 07:00:00+01:00,-2.5753559871551945
2022-01-08 17:45:00+01:00,buy,0.18668907186244288,43.99,2022-01-09 07:45:00+01:00,-2.0531130678072156
2022-01-08 17:45:00+01:00,buy,0.3133109281375571,46.39,2022-01-09 08:00:00+01:00,-3.633623489075319
2022-01-08 17:45:00+01:00,sell,0.5,93.89,2022-01-09 08:15:00+01:00,11.73625
2022-01-08 17:45:00+01:00,buy,3.608224830031759e-15,65.43,2022-01-09 11:00:00+01:00,-5.90215376572445e-14
2022-01-08 18:00:00+01:00,buy,0.5,22.9,2022-01-09 01:30:00+01:00,-2.8625
2022-01-08 18:00:00+01:00,sell,0.06999999999999956,97.75,2022-01-09 01:45:00+01:00,1.7106249999999894
2022-01-08 18:00:00+01:00,buy,0.23191557930040424,47.12,2022-01-09 02:30:00+01:00,-2.731965524158762
2022-01-08 18:00:00+01:00,sell,0.49999999999999994,57.64,2022-01-09 04:00:00+01:00,7.204999999999999
2022-01-08 18:00:00+01:00,buy,0.0699999999999744,80.92,2022-01-09 04:15:00+01:00,-1.416099999999482
2022-01-08 18:00:00+01:00,sell,0.5,79.4,2022-01-09 04:45:00+01:00,9.925
2022-01-08 18:00:00+01:00,buy,0.5,31.22,2022-01-09 07:30:00+01:00,-3.9025
2022-01-08 18:00:00+01:00,sell,0.23191557930040424,46.39,2022-01-09 08:00:00+01:00,2.6896409309364384
2022-01-08 18:15:00+01:00,buy,0.2680844206995958,32.21,2022-01-09 02:30:00+01:00,-2.1587497976834955
2022-01-08 18:15:00+01:00,sell,0.5,89.66,2022-01-09 02:45:00+01:00,11.2075
2022-01-08 18:15:00+01:00,buy,0.20996762866151086,39.46,2022-01-09 04:15:00+01:00,-2.0713306567458045
2022-01-08 18:15:00+01:00,buy,0.0805526018016795,88.66,2022-01-09 05:15:00+01:00,-1.7854484189342261
2022-01-08 18:15:00+01:00,sell,0.5,45.24,2022-01-09 10:15:00+01:00,5.655
2022-01-08 18:15:00+01:00,buy,0.43,48.21,2022-01-09 10:45:00+01:00,-5.182575
2022-01-08 18:15:00+01:00,buy,0.4300000000000125,46.32,2022-01-09 11:00:00+01:00,-4.979400000000145
2022-01-08 18:15:00+01:00,buy,0.08139534883723684,31.74,2022-01-09 11:45:00+01:00,-0.6458720930234743
2022-01-08 18:15:00+01:00,sell,0.5,92.14,2022-01-09 12:15:00+01:00,11.5175
2022-01-08 18:30:00+01:00,sell,4.04121180963557e-14,39.46,2022-01-09 04:15:00+01:00,3.98665545020549e-13
2022-01-08 18:30:00+01:00,buy,0.2900000000000036,44.65,2022-01-09 05:45:00+01:00,-3.2371250000000398
2022-01-08 18:30:00+01:00,buy,0.21000000000001756,77.33,2022-01-09 08:15:00+01:00,-4.059825000000339
2022-01-08 18:30:00+01:00,sell,0.5,98.43,2022-01-09 10:00:00+01:00,12.30375
2022-01-08 18:45:00+01:00,buy,0.2899999999999825,77.33,2022-01-09 08:15:00+01:00,-5.606424999999661
2022-01-08 18:45:00+01:00,buy,0.08139534883726882,24.73,2022-01-09 09:00:00+01:00,-0.5032267441864144
2022-01-08 18:45:00+01:00,sell,0.37139534883725145,91.42,2022-01-09 11:45:00+01:00,8.488240697675382
2022-01-08 19:00:00+01:00,sell,0.29000000000001397,70.66,2022-01-09 01:15:00+01:00,5.122850000000247
2022-01-08 19:00:00+01:00,buy,0.5,69.63,2022-01-09 01:45:00+01:00,-8.70375
2022-01-08 19:00:00+01:00,sell,0.5,36.95,2022-01-09 05:30:00+01:00,4.61875
2022-01-08 19:00:00+01:00,buy,0.08139534883727102,30.71,2022-01-09 06:30:00+01:00,-0.6249127906981483
2022-01-08 19:00:00+01:00,buy,0.41860465116273116,24.73,2022-01-09 09:00:00+01:00,-2.5880232558135856
2022-01-08 19:00:00+01:00,sell,0.20999999999998542,91.42,2022-01-09 11:45:00+01:00,4.799549999999667
2022-01-08 19:15:00+01:00,sell,0.244186046511622,50.65,2022-01-09 02:30:00+01:00,3.0920058139534135
2022-01-08 19:15:00+01:00,sell,6.390721285498557e-14,31.89,2022-01-09 06:30:00+01:00,5.095002544863725e-13
2022-01-08 19:15:00+01:00,buy,0.32558139534884295,22.91,2022-01-09 07:00:00+01:00,-1.864767441860498
2022-01-08 19:15:00+01:00,sell,0.08139534883715288,94.93,2022-01-09 08:00:00+01:00,1.9317151162777308
2022-01-08 19:30:00+01:00,sell,0.5,46.43,2022-01-09 01:00:00+01:00,5.80375
2022-01-08 19:30:00+01:00,buy,0.790000000000014,25.8,2022-01-09 01:15:00+01:00,-5.095500000000091
2022-01-08 19:30:00+01:00,sell,0.49999999999999994,52.96,2022-01-09 01:30:00+01:00,6.619999999999999
2022-01-08 19:30:00+01:00,buy,0.162790697674424,41.15,2022-01-09 02:30:00+01:00,-1.6747093023256368
2022-01-08 19:30:00+01:00,buy,0.5,40.65,2022-01-09 03:15:00+01:00,-5.08125
2022-01-08 19:30:00+01:00,sell,0.49999999999999994,70.97,2022-01-09 06:15:00+01:00,8.871249999999998
2022-01-08 19:30:00+01:00,buy,0.17441860465115705,22.91,2022-01-09 07:00:00+01:00,-0.998982558139502
2022-01-08 19:30:00+01:00,sell,0.2900000000000092,94.3,2022-01-09 07:15:00+01:00,6.836750000000216
2022-01-08 19:30:00+01:00,sell,0.5,94.93,2022-01-09 08:00:00+01:00,11.86625
2022-01-08 19:30:00+01:00,buy,0.5,57.23,2022-01-09 09:30:00+01:00,-7.15375
2022-01-08 19:30:00+01:00,buy,0.16279069767442317,26.9,2022-01-09 10:15:00+01:00,-1.0947674418604958
2022-01-08 19:45:00+01:00,sell,0.4186046511627906,52.24,2022-01-09 01:15:00+01:00,5.466976744186046
2022-01-08 19:45:00+01:00,buy,0.08139534883719801,33.94,2022-01-09 02:30:00+01:00,-0.6906395348836251
2022-01-08 19:45:00+01:00,buy,0.3372093023255881,42.16,2022-01-09 03:45:00+01:00,-3.554186046511698
2022-01-08 19:45:00+01:00,sell,0.42999999999999633,91.29,2022-01-09 04:30:00+01:00,9.813674999999916
2022-01-08 19:45:00+01:00,buy,0.5,81.21,2022-01-09 06:45:00+01:00,-10.15125
2022-01-08 19:45:00+01:00,sell,0.20999999999999086,94.3,2022-01-09 07:15:00+01:00,4.950749999999784
2022-01-08 19:45:00+01:00,buy,0.5,44.61,2022-01-09 10:00:00+01:00,-5.57625
2022-01-08 19:45:00+01:00,sell,0.3600000000000132,82.7,2022-01-09 12:30:00+01:00,7.443000000000273
2022-01-08 20:00:00+01:00,sell,3.552713678800501e-15,87.28,2022-01-09 01:15:00+01:00,7.752021247142693e-14
2022-01-08 20:00:00+01:00,sell,1.1102230246251565e-16,72.87,2022-01-09 02:30:00+01:00,2.022548795110879e-15
2022-01-08 20:00:00+01:00,sell,0.3372093023255881,42.16,2022-01-09 03:45:00+01:00,3.554186046511698
2022-01-08 20:00:00+01:00,buy,0.4299999999999963,79.83,2022-01-09 04:30:00+01:00,-8.581724999999926
2022-01-08 20:00:00+01:00,sell,0.06999999999999294,81.21,2022-01-09 06:45:00+01:00,1.4211749999998566
2022-01-08 20:00:00+01:00,sell,0.5,59.87,2022-01-09 07:45:00+01:00,7.48375
2022-01-08 20:00:00+01:00,buy,0.5,26.94,2022-01-09 08:15:00+01:00,-3.3675
2022-01-08 20:00:00+01:00,sell,0.3600000000000114,80.62,2022-01-09 09:30:00+01:00,7.255800000000231
2022-01-08 20:00:00+01:00,buy,0.5,27.48,2022-01-09 09:45:00+01:00,-3.435
2022-01-08 20:00:00+01:00,sell,0.1627906976744231,52.36,2022-01-09 10:15:00+01:00,2.1309302325581987
2022-01-08 20:15:00+01:00,sell,9.43689570931383e-16,86.85,2022-01-09 01:15:00+01:00,2.0489859808847652e-14
2022-01-08 20:15:00+01:00,buy,0.5,28.36,2022-01-09 05:00:00+01:00,-3.545
2022-01-08 20:15:00+01:00,sell,0.08139534883720712,53.14,2022-01-09 06:30:00+01:00,1.0813372093022966
2022-01-08 20:15:00+01:00,buy,0.08139534883722566,31.03,2022-01-09 08:30:00+01:00,-0.631424418604778
2022-01-08 20:15:00+01:00,buy,0.3600000000000114,80.62,2022-01-09 09:30:00+01:00,-7.255800000000231
2022-01-08 20:15:00+01:00,sell,0.5,53.05,2022-01-09 09:45:00+01:00,6.63125
2022-01-08 20:15:00+01:00,sell,0.3600000000000459,84.51,2022-01-09 13:45:00+01:00,7.60590000000097
2022-01-08 20:30:00+01:00,sell,0.1394473981983329,86.92,2022-01-09 04:30:00+01:00,3.030191962849774
2022-01-08 20:30:00+01:00,sell,0.24418604651163422,28.36,2022-01-09 05:00:00+01:00,1.7312790697674867
2022-01-08 20:30:00+01:00,sell,0.0805526018016795,97.72,2022-01-09 05:15:00+01:00,1.9679000620150302
2022-01-08 20:30:00+01:00,buy,0.5,21.41,2022-01-09 07:45:00+01:00,-2.67625
2022-01-08 20:30:00+01:00,sell,0.08139534883722566,31.03,2022-01-09 08:30:00+01:00,0.631424418604778
2022-01-08 20:30:00+01:00,sell,0.5,51.3,2022-01-09 09:00:00+01:00,6.4125
2022-01-08 20:30:00+01:00,sell,0.5,90.39,2022-01-09 10:45:00+01:00,11.29875
2022-01-08 20:30:00+01:00,buy,0.825581395348857,26.39,2022-01-09 11:45:00+01:00,-5.446773255814084
2022-01-08 20:30:00+01:00,buy,0.3600000000000132,76.86,2022-01-09 12:30:00+01:00,-6.917400000000254
2022-01-08 20:30:00+01:00,sell,0.1399999999999541,87.07,2022-01-09 13:45:00+01:00,3.047449999999001
2022-01-08 20:45:00+01:00,buy,0.5000000000000158,33.05,2022-01-09 01:45:00+01:00,-4.13125000000013
2022-01-08 20:45:00+01:00,buy,0.5,54.44,2022-01-09 02:45:00+01:00,-6.805
2022-01-08 20:45:00+01:00,sell,0.1394473981983331,83.94,2022-01-09 03:00:00+01:00,2.92630365119202
2022-01-08 20:45:00+01:00,sell,0.36055260180166715,86.92,2022-01-09 04:30:00+01:00,7.8348080371502276
2022-01-08 20:45:00+01:00,sell,0.49999999999999994,53.4,2022-01-09 07:00:00+01:00,6.674999999999999
2022-01-08 20:45:00+01:00,buy,0.3255813953488392,25.61,2022-01-09 10:15:00+01:00,-2.0845348837209428
2022-01-08 20:45:00+01:00,sell,0.325581395348857,26.39,2022-01-09 11:45:00+01:00,2.148023255814084
2022-01-08 20:45:00+01:00,buy,0.5,37.0,2022-01-09 12:15:00+01:00,-4.625
2022-01-08 20:45:00+01:00,sell,0.5,76.86,2022-01-09 12:30:00+01:00,9.6075
2022-01-08 21:00:00+01:00,buy,0.15052023046294297,35.56,2022-01-09 01:30:00+01:00,-1.338124848815563
2022-01-08 21:00:00+01:00,sell,1.5765166949677223e-14,33.05,2022-01-09 01:45:00+01:00,1.3025969192170804e-13
2022-01-08 21:00:00+01:00,buy,0.13944739819833307,94.12,2022-01-09 03:00:00+01:00,-3.2811972796067774
2022-01-08 21:00:00+01:00,sell,0.5,97.44,2022-01-09 03:15:00+01:00,12.18
2022-01-08 21:00:00+01:00,sell,0.1394473981983328,97.99,2022-01-09 04:00:00+01:00,3.4161126373636574
2022-01-08 21:00:00+01:00,buy,0.349479769536879,30.7,2022-01-09 04:15:00+01:00,-2.682257231195546
2022-01-08 21:00:00+01:00,buy,1.999511667349907e-13,25.61,2022-01-09 10:15:00+01:00,-1.280187345020778e-12
2022-01-08 21:15:00+01:00,buy,0.34947976953705706,35.56,2022-01-09 01:30:00+01:00,-3.1068751511844375
2022-01-08 21:15:00+01:00,sell,0.36,94.12,2022-01-09 03:00:00+01:00,8.4708
2022-01-08 21:15:00+01:00,sell,0.5,97.44,2022-01-09 03:15:00+01:00,12.18
2022-01-08 21:15:00+01:00,sell,0.36055260180166715,97.99,2022-01-09 04:00:00+01:00,8.83263736263634
2022-01-08 21:15:00+01:00,sell,0.09302325581398224,30.7,2022-01-09 04:15:00+01:00,0.7139534883723136
2022-01-08 21:15:00+01:00,buy,0.5,45.19,2022-01-09 04:30:00+01:00,-5.64875
2022-01-08 21:15:00+01:00,buy,0.5,42.34,2022-01-09 07:15:00+01:00,-5.2925
2022-01-08 21:15:00+01:00,buy,0.2205526018016668,69.14,2022-01-09 08:00:00+01:00,-3.8122517221418106
2022-01-08 21:15:00+01:00,sell,0.5,95.41,2022-01-09 09:00:00+01:00,11.92625
2022-01-08 21:15:00+01:00,sell,0.2564565137230791,22.05,2022-01-09 10:30:00+01:00,1.4137165318984735
2022-01-08 21:15:00+01:00,buy,0.5,50.26,2022-01-09 13:45:00+01:00,-6.2825
2022-01-08 21:30:00+01:00,sell,3.452793606584237e-14,58.97,2022-01-09 03:30:00+01:00,5.090280974506811e-13
2022-01-08 21:30:00+01:00,sell,0.2558139534883659,73.53,2022-01-09 05:00:00+01:00,4.702499999999886
2022-01-08 21:30:00+01:00,buy,0.5,61.38,2022-01-09 05:15:00+01:00,-7.6725
2022-01-08 21:30:00+01:00,buy,0.06999999999999296,58.03,2022-01-09 06:45:00+01:00,-1.0155249999998979
2022-01-08 21:30:00+01:00,buy,0.2794473981983332,69.14,2022-01-09 08:00:00+01:00,-4.830248277858189
2022-01-08 21:30:00+01:00,buy,0.2558139534883609,22.72,2022-01-09 09:30:00+01:00,-1.4530232558138898
2022-01-08 21:30:00+01:00,sell,0.3494473981982966,91.03,2022-01-09 12:45:00+01:00,7.952549164497736
2022-01-08 21:30:00+01:00,sell,0.5,95.83,2022-01-09 15:00:00+01:00,11.97875
2022-01-08 21:45:00+01:00,buy,0.5,30.49,2022-01-09 02:00:00+01:00,-3.81125
2022-01-08 21:45:00+01:00,sell,0.5,49.43,2022-01-09 02:30:00+01:00,6.17875
2022-01-08 21:45:00+01:00,sell,0.14,98.15,2022-01-09 03:00:00+01:00,3.4352500000000004
2022-01-08 21:45:00+01:00,buy,3.452793606584237e-14,45.83,2022-01-09 03:30:00+01:00,-3.956038274743889e-13
2022-01-08 21:45:00+01:00,buy,0.2558139534883653,40.34,2022-01-09 03:45:00+01:00,-2.579883720930164
2022-01-08 21:45:00+01:00,sell,0.5,47.81,2022-01-09 07:45:00+01:00,5.97625
2022-01-08 21:45:00+01:00,sell,0.255813953488361,41.11,2022-01-09 09:30:00+01:00,2.6291279069766302
2022-01-08 21:45:00+01:00,sell,0.20944739819830444,88.81,2022-01-09 11:30:00+01:00,4.650255858497855
2022-01-08 21:45:00+01:00,buy,0.5,29.64,2022-01-09 12:15:00+01:00,-3.705
2022-01-08 21:45:00+01:00,sell,0.15055260180170338,91.03,2022-01-09 12:45:00+01:00,3.426200835502265
2022-01-08 21:45:00+01:00,buy,0.5,87.41,2022-01-09 15:00:00+01:00,-10.92625
2022-01-08 22:00:00+01:00,buy,0.5,22.42,2022-01-09 03:30:00+01:00,-2.8025
2022-01-08 22:00:00+01:00,sell,0.25581395348836533,49.12,2022-01-09 03:45:00+01:00,3.141395348837126
2022-01-08 22:00:00+01:00,buy,0.6627906976743874,30.61,2022-01-09 04:00:00+01:00,-5.07200581395325
2022-01-08 22:00:00+01:00,sell,0.4069767441860177,50.44,2022-01-09 04:15:00+01:00,5.131976744185683
2022-01-08 22:00:00+01:00,sell,0.5,90.25,2022-01-09 04:30:00+01:00,11.28125
2022-01-08 22:00:00+01:00,buy,0.5,82.04,2022-01-09 12:45:00+01:00,-10.255
2022-01-08 22:00:00+01:00,sell,0.5,92.3,2022-01-09 15:15:00+01:00,11.5375
2022-01-08 22:15:00+01:00,sell,0.5,27.21,2022-01-09 02:00:00+01:00,3.40125
2022-01-08 22:15:00+01:00,buy,0.5,55.64,2022-01-09 03:00:00+01:00,-6.955
2022-01-08 22:15:00+01:00,sell,0.16279069767438736,30.61,2022-01-09 04:00:00+01:00,1.2457558139532492
2022-01-08 22:15:00+01:00,sell,2.220446049250313e-16,85.71,2022-01-09 04:30:00+01:00,4.757860772031108e-15
2022-01-08 22:15:00+01:00,sell,0.360000000000011,83.33,2022-01-09 07:00:00+01:00,7.499700000000229
2022-01-08 22:15:00+01:00,buy,0.5,20.34,2022-01-09 08:00:00+01:00,-2.5425
2022-01-08 22:15:00+01:00,sell,0.5,43.45,2022-01-09 08:15:00+01:00,5.43125
2022-01-08 22:15:00+01:00,buy,0.5,30.14,2022-01-09 09:00:00+01:00,-3.7675
2022-01-08 22:15:00+01:00,sell,0.5,99.68,2022-01-09 09:15:00+01:00,12.46
2022-01-08 22:15:00+01:00,buy,0.5,21.83,2022-01-09 11:15:00+01:00,-2.72875
2022-01-08 22:15:00+01:00,buy,0.37223809587268797,25.44,2022-01-09 11:30:00+01:00,-2.3674342897502956
2022-01-08 22:15:00+01:00,sell,0.34944739819829373,82.04,2022-01-09 12:00:00+01:00,7.167166137047005
2022-01-08 22:30:00+01:00,sell,0.081395348837205,97.23,2022-01-09 01:15:00+01:00,1.9785174418603608
2022-01-08 22:30:00+01:00,sell,2.220446049250313e-16,84.17,2022-01-09 04:30:00+01:00,4.6723735991349714e-15
2022-01-08 22:30:00+01:00,buy,0.07000000000000317,83.33,2022-01-09 07:00:00+01:00,-1.458275000000066
2022-01-08 22:30:00+01:00,buy,0.24418604651159076,25.21,2022-01-09 11:00:00+01:00,-1.5389825581393008
2022-01-08 22:30:00+01:00,sell,0.16279069767438353,25.44,2022-01-09 11:30:00+01:00,1.0353488372090793
2022-01-08 22:30:00+01:00,buy,0.34944739819829373,82.04,2022-01-09 12:00:00+01:00,-7.167166137047005
2022-01-08 22:30:00+01:00,sell,0.41944739819829674,82.59,2022-01-09 14:15:00+01:00,8.660540154299332
2022-01-08 22:45:00+01:00,sell,0.4999999999999999,64.43,2022-01-09 08:00:00+01:00,8.053749999999999
2022-01-08 22:45:00+01:00,buy,0.5,20.06,2022-01-09 09:00:00+01:00,-2.5075
2022-01-08 22:45:00+01:00,buy,0.24418604651159076,46.21,2022-01-09 09:45:00+01:00,-2.8209593023251522
2022-01-08 22:45:00+01:00,sell,0.24418604651159076,48.45,2022-01-09 11:00:00+01:00,2.957703488371643
2022-01-08 22:45:00+01:00,buy,0.41944739819829674,67.46,2022-01-09 14:15:00+01:00,-7.073980370614274
2022-01-08 22:45:00+01:00,sell,0.4194473981983404,92.45,2022-01-09 15:00:00+01:00,9.694477990859143
2022-01-08 23:00:00+01:00,sell,0.5,83.62,2022-01-09 01:45:00+01:00,10.4525
2022-01-08 23:00:00+01:00,buy,0.5,30.84,2022-01-09 02:00:00+01:00,-3.855
2022-01-08 23:00:00+01:00,buy,0.5,25.33,2022-01-09 02:15:00+01:00,-3.16625
2022-01-08 23:00:00+01:00,buy,0.3255813953490408,36.33,2022-01-09 04:15:00+01:00,-2.957093023257663
2022-01-08 23:00:00+01:00,sell,0.5,50.75,2022-01-09 07:30:00+01:00,6.34375
2022-01-08 23:00:00+01:00,buy,0.5,23.14,2022-01-09 08:45:00+01:00,-2.8925
2022-01-08 23:00:00+01:00,sell,0.32558139534903907,73.37,2022-01-09 10:15:00+01:00,5.9719767441897496
2022-01-08 23:00:00+01:00,sell,0.5,44.46,2022-01-09 11:15:00+01:00,5.5575
2022-01-08 23:00:00+01:00,sell,0.5,37.15,2022-01-09 12:15:00+01:00,4.64375
2022-01-08 23:00:00+01:00,buy,0.5,33.27,2022-01-09 14:00:00+01:00,-4.15875
2022-01-08 23:00:00+01:00,buy,0.5,64.76,2022-01-09 15:15:00+01:00,-8.095
2022-01-08 23:00:00+01:00,sell,0.5,98.23,2022-01-09 16:45:00+01:00,12.27875
2022-01-08 23:15:00+01:00,buy,0.5,26.74,2022-01-09 02:30:00+01:00,-3.3425
2022-01-08 23:15:00+01:00,sell,0.32558139534904085,36.33,2022-01-09 04:15:00+01:00,2.9570930232576633
2022-01-08 23:15:00+01:00,sell,0.5,99.96,2022-01-09 05:00:00+01:00,12.495
2022-01-08 23:15:00+01:00,sell,0.1744186046509592,33.27,2022-01-09 14:00:00+01:00,1.4507267441843534
2022-01-08 23:15:00+01:00,buy,0.4194473981983404,42.0,2022-01-09 15:00:00+01:00,-4.404197681082574
2022-01-08 23:15:00+01:00,buy,0.0805526018016599,98.23,2022-01-09 16:45:00+01:00,-1.9781705187442633
2022-01-08 23:30:00+01:00,buy,0.24418604651159267,47.21,2022-01-09 01:00:00+01:00,-2.8820058139530724
2022-01-08 23:30:00+01:00,sell,0.5,68.97,2022-01-09 02:15:00+01:00,8.62125
2022-01-08 23:30:00+01:00,sell,0.5,95.51,2022-01-09 03:30:00+01:00,11.93875
2022-01-08 23:30:00+01:00,buy,0.5,21.57,2022-01-09 03:45:00+01:00,-2.69625
2022-01-08 23:30:00+01:00,buy,0.2905526018018372,99.96,2022-01-09 05:00:00+01:00,-7.26090951902791
2022-01-08 23:30:00+01:00,sell,0.24418604651159082,64.05,2022-01-09 09:45:00+01:00,3.9100290697668476
2022-01-08 23:30:00+01:00,buy,0.5,27.1,2022-01-09 15:15:00+01:00,-3.3875
2022-01-08 23:30:00+01:00,sell,0.2905526018018557,91.08,2022-01-09 17:45:00+01:00,6.615882743028254
2022-01-08 23:45:00+01:00,sell,0.2441860465115927,47.21,2022-01-09 01:00:00+01:00,2.882005813953073
2022-01-08 23:45:00+01:00,sell,0.29000000000005444,95.51,2022-01-09 03:30:00+01:00,6.9244750000013005
2022-01-08 23:45:00+01:00,buy,0.5,32.87,2022-01-09 05:15:00+01:00,-4.10875
2022-01-08 23:45:00+01:00,buy,0.2900000000000078,79.16,2022-01-09 07:00:00+01:00,-5.739100000000154
2022-01-08 23:45:00+01:00,buy,0.06976744186063225,37.59,2022-01-09 10:00:00+01:00,-0.6556395348852916
2022-01-08 23:45:00+01:00,buy,0.5,40.89,2022-01-09 12:30:00+01:00,-5.11125
2022-01-08 23:45:00+01:00,sell,0.3255813953490408,42.14,2022-01-09 14:00:00+01:00,3.4300000000021447
2022-01-08 23:45:00+01:00,sell,0.5,99.64,2022-01-09 14:15:00+01:00,12.455
2022-01-09 00:00:00+01:00,buy,0.5,22.27,2022-01-09 01:00:00+01:00,-2.78375
2022-01-09 00:00:00+01:00,sell,0.5,92.77,2022-01-09 02:00:00+01:00,11.59625
2022-01-09 00:00:00+01:00,sell,0.5,53.71,2022-01-09 05:15:00+01:00,6.71375
2022-01-09 00:00:00+01:00,buy,2.7755575615628914e-17,37.59,2022-01-09 10:00:00+01:00,-2.6083302184787274e-16
2022-01-09 00:00:00+01:00,buy,0.5,27.03,2022-01-09 10:15:00+01:00,-3.37875
2022-01-09 00:00:00+01:00,sell,0.5,96.04,2022-01-09 13:30:00+01:00,12.005
2022-01-09 00:00:00+01:00,buy,0.49999999999999994,39.86,2022-01-09 14:15:00+01:00,-4.982499999999999
2022-01-09 00:15:00+01:00,sell,0.4302325581393723,22.27,2022-01-09 01:00:00+01:00,2.395319767440955
2022-01-09 00:15:00+01:00,buy,0.7900000000000544,21.56,2022-01-09 03:30:00+01:00,-4.258100000000293
2022-01-09 00:15:00+01:00,sell,0.5,97.68,2022-01-09 06:00:00+01:00,12.21
2022-01-09 00:15:00+01:00,sell,0.07055260180202329,96.91,2022-01-09 06:30:00+01:00,1.7093131601585192
2022-01-09 00:15:00+01:00,buy,0.4302325581393678,20.08,2022-01-09 10:00:00+01:00,-2.159767441859626
2022-01-09 00:15:00+01:00,sell,0.5000000000000001,27.03,2022-01-09 10:15:00+01:00,3.378750000000001
2022-01-09 00:15:00+01:00,buy,0.28055260180197805,96.04,2022-01-09 13:30:00+01:00,-6.736067969265494
2022-01-09 00:30:00+01:00,buy,0.24418604651180495,36.79,2022-01-09 02:15:00+01:00,-2.2459011627923258
2022-01-09 00:30:00+01:00,sell,0.21000000000015429,96.91,2022-01-09 06:30:00+01:00,5.087775000003738
2022-01-09 00:30:00+01:00,buy,0.5,43.06,2022-01-09 09:15:00+01:00,-5.3825
2022-01-09 00:30:00+01:00,sell,0.5,93.73,2022-01-09 09:30:00+01:00,11.71625
2022-01-09 00:30:00+01:00,sell,0.2441860465118071,20.08,2022-01-09 10:00:00+01:00,1.2258139534892716
2022-01-09 00:30:00+01:00,sell,0.0805526018016599,99.65,2022-01-09 16:45:00+01:00,2.0067666923838527
2022-01-09 00:30:00+01:00,buy,0.2905526018018557,67.91,2022-01-09 17:45:00+01:00,-4.932856797091005
2022-01-09 00:45:00+01:00,buy,0.5000000000000007,27.15,2022-01-09 04:30:00+01:00,-3.3937500000000043
2022-01-09 00:45:00+01:00,sell,0.5,78.07,2022-01-09 16:30:00+01:00,9.75875
2022-01-09 01:00:00+01:00,sell,0.49000000000014365,98.99,2022-01-09 02:00:00+01:00,12.126275000003554
2022-01-09 01:00:00+01:00,buy,0.28055260180217756,67.29,2022-01-09 06:30:00+01:00,-4.7195961438171325
2022-01-09 01:00:00+01:00,sell,0.010000000000017554,94.36,2022-01-09 07:45:00+01:00,0.23590000000041408
2022-01-09 01:00:00+01:00,sell,0.7435434862769209,94.99,2022-01-09 10:30:00+01:00,17.65729894036118
2022-01-09 01:00:00+01:00,buy,0.5,43.26,2022-01-09 10:45:00+01:00,-5.4075
2022-01-09 01:00:00+01:00,buy,0.2435434862769179,24.69,2022-01-09 12:15:00+01:00,-1.5032721690442759
2022-01-09 01:00:00+01:00,buy,0.21944739819802195,31.88,2022-01-09 13:30:00+01:00,-1.748995763638235
2022-01-09 01:00:00+01:00,sell,0.5,43.1,2022-01-09 15:15:00+01:00,5.3875
2022-01-09 01:00:00+01:00,buy,0.5,78.07,2022-01-09 16:30:00+01:00,-9.75875
2022-01-09 01:00:00+01:00,buy,0.5,20.18,2022-01-09 17:30:00+01:00,-2.5225
2022-01-09 01:00:00+01:00,sell,0.5,94.83,2022-01-09 18:45:00+01:00,11.85375
2022-01-09 01:15:00+01:00,sell,0.28055260180199915,94.36,2022-01-09 07:45:00+01:00,6.61823587650916
2022-01-09 01:15:00+01:00,buy,0.5,42.45,2022-01-09 09:30:00+01:00,-5.30625
2022-01-09 01:15:00+01:00,sell,0.21944739819800108,89.02,2022-01-09 11:00:00+01:00,4.883801846896514
2022-01-09 01:15:00+01:00,sell,0.2435434862769179,26.97,2022-01-09 12:15:00+01:00,1.642091956222119
2022-01-09 01:15:00+01:00,buy,0.2435434862769157,23.77,2022-01-09 16:30:00+01:00,-1.4472571672005714
2022-01-09 01:30:00+01:00,sell,0.2558139534881929,49.2,2022-01-09 10:00:00+01:00,3.146511627904773
2022-01-09 01:30:00+01:00,buy,0.21944739819800108,89.02,2022-01-09 11:00:00+01:00,-4.883801846896514
2022-01-09 01:30:00+01:00,sell,0.21944739819795608,90.8,2022-01-09 12:30:00+01:00,4.981455939093603
2022-01-09 01:30:00+01:00,buy,0.2558139534881953,23.77,2022-01-09 16:30:00+01:00,-1.5201744186036006
2022-01-09 01:45:00+01:00,buy,0.20944739819817282,81.84,2022-01-09 05:00:00+01:00,-4.285293767134616
2022-01-09 01:45:00+01:00,sell,0.2794473981982716,90.8,2022-01-09 12:30:00+01:00,6.343455939100765
2022-01-09 01:45:00+01:00,sell,0.42999999999998273,85.09,2022-01-09 18:00:00+01:00,9.147174999999633
2022-01-09 01:45:00+01:00,buy,0.5,60.33,2022-01-09 18:45:00+01:00,-7.54125
2022-01-09 02:00:00+01:00,sell,0.29055260180198805,92.45,2022-01-09 05:00:00+01:00,6.715397009148449
2022-01-09 02:00:00+01:00,buy,0.5,71.6,2022-01-09 06:00:00+01:00,-8.95
2022-01-09 02:00:00+01:00,buy,0.2905526018020166,80.74,2022-01-09 07:45:00+01:00,-5.864804267373704
2022-01-09 02:00:00+01:00,sell,0.5,92.93,2022-01-09 09:45:00+01:00,11.61625
2022-01-09 02:00:00+01:00,buy,0.499357439765111,26.71,2022-01-09 14:15:00+01:00,-3.3344593040315287
2022-01-09 02:00:00+01:00,sell,0.5,94.17,2022-01-09 15:15:00+01:00,11.77125
2022-01-09 02:00:00+01:00,sell,0.49935743976511104,45.27,2022-01-09 16:30:00+01:00,5.651477824541645
2022-01-09 02:00:00+01:00,buy,0.5,45.17,2022-01-09 16:45:00+01:00,-5.64625
2022-01-09 02:15:00+01:00,sell,0.20944739819802183,96.74,2022-01-09 05:00:00+01:00,5.065485325419158
2022-01-09 02:15:00+01:00,sell,0.5,62.9,2022-01-09 09:00:00+01:00,7.8625
2022-01-09 02:15:00+01:00,sell,0.2894473981981852,76.89,2022-01-09 09:15:00+01:00,5.5639026118646155
2022-01-09 02:15:00+01:00,buy,0.5,20.85,2022-01-09 09:30:00+01:00,-2.60625
2022-01-09 02:15:00+01:00,buy,0.4988947963962276,39.01,2022-01-09 12:30:00+01:00,-4.865471501854209
2022-01-09 02:15:00+01:00,buy,2.1649348980190553e-15,26.71,2022-01-09 14:15:00+01:00,-1.4456352781522242e-14
2022-01-09 02:30:00+01:00,buy,0.2894473981981852,66.74,2022-01-09 09:15:00+01:00,-4.82942983893672
2022-01-09 02:30:00+01:00,sell,1.9984014443252818e-15,20.85,2022-01-09 09:30:00+01:00,1.0416667528545532e-14
2022-01-09 02:30:00+01:00,sell,0.28944739819825005,93.91,2022-01-09 10:15:00+01:00,6.7955012911994155
2022-01-09 02:45:00+01:00,sell,1.9360896796762303e-13,93.91,2022-01-09 10:15:00+01:00,4.545454545459869e-12
2022-01-09 03:00:00+01:00,buy,0.41796209092816006,32.26,2022-01-09 04:15:00+01:00,-3.3708642633356107
2022-01-09 03:00:00+01:00,sell,0.5,50.25,2022-01-09 08:45:00+01:00,6.28125
2022-01-09 03:00:00+01:00,buy,0.08203790907183992,32.06,2022-01-09 11:30:00+01:00,-0.6575338412107969
2022-01-09 03:15:00+01:00,buy,0.08139534883695543,32.26,2022-01-09 04:15:00+01:00,-0.6564534883700455
2022-01-09 03:15:00+01:00,sell,0.499999999999998,67.28,2022-01-09 09:30:00+01:00,8.409999999999966
2022-01-09 03:15:00+01:00,buy,0.5,22.61,2022-01-09 10:00:00+01:00,-2.82625
2022-01-09 03:15:00+01:00,sell,0.08203790907183994,35.17,2022-01-09 11:30:00+01:00,0.7213183155141527
2022-01-09 03:15:00+01:00,buy,0.5,30.19,2022-01-09 11:45:00+01:00,-3.77375
2022-01-09 03:15:00+01:00,sell,0.49935743976511326,78.01,2022-01-09 14:15:00+01:00,9.738718469019123
2022-01-09 03:30:00+01:00,buy,0.5,79.9,2022-01-09 09:45:00+01:00,-9.9875
2022-01-09 03:30:00+01:00,buy,0.5,32.2,2022-01-09 10:30:00+01:00,-4.025
2022-01-09 03:30:00+01:00,buy,0.4999999999999976,25.8,2022-01-09 11:00:00+01:00,-3.2249999999999845
2022-01-09 03:30:00+01:00,sell,0.5,30.19,2022-01-09 11:45:00+01:00,3.77375
2022-01-09 03:30:00+01:00,sell,0.4999999999997811,92.72,2022-01-09 16:15:00+01:00,11.589999999994927
2022-01-09 03:30:00+01:00,sell,0.5,96.23,2022-01-09 20:30:00+01:00,12.02875
2022-01-09 03:45:00+01:00,buy,0.5000000000000002,44.01,2022-01-09 05:00:00+01:00,-5.501250000000002
2022-01-09 03:45:00+01:00,sell,0.49999999999980593,86.0,2022-01-09 07:30:00+01:00,10.749999999995827
2022-01-09 03:45:00+01:00,buy,0.5,65.16,2022-01-09 15:15:00+01:00,-8.145
2022-01-09 03:45:00+01:00,sell,2.188804693048496e-13,92.72,2022-01-09 16:15:00+01:00,5.073649278486414e-12
2022-01-09 03:45:00+01:00,sell,0.5,37.85,2022-01-09 17:30:00+01:00,4.73125
2022-01-09 03:45:00+01:00,buy,0.5,27.46,2022-01-09 18:45:00+01:00,-3.4325
2022-01-09 03:45:00+01:00,sell,0.5,93.42,2022-01-09 21:30:00+01:00,11.6775
2022-01-09 04:00:00+01:00,sell,0.5000000000000228,96.46,2022-01-09 06:45:00+01:00,12.057500000000548
2022-01-09 04:00:00+01:00,buy,0.5,28.22,2022-01-09 09:15:00+01:00,-3.5275
2022-01-09 04:00:00+01:00,sell,0.5,37.24,2022-01-09 10:00:00+01:00,4.655
2022-01-09 04:00:00+01:00,buy,0.5,28.26,2022-01-09 17:00:00+01:00,-3.5325
2022-01-09 04:00:00+01:00,sell,0.5,44.61,2022-01-09 18:45:00+01:00,5.57625
2022-01-09 04:00:00+01:00,buy,0.5,93.42,2022-01-09 21:30:00+01:00,-11.6775
2022-01-09 04:15:00+01:00,buy,0.5000000000000229,96.46,2022-01-09 06:45:00+01:00,-12.05750000000055
2022-01-09 04:15:00+01:00,buy,0.5,21.05,2022-01-09 07:00:00+01:00,-2.63125
2022-01-09 04:15:00+01:00,sell,2.275957200481571e-15,28.22,2022-01-09 09:15:00+01:00,1.6056878049397483e-14
2022-01-09 04:15:00+01:00,sell,0.49999999999999756,62.28,2022-01-09 11:00:00+01:00,7.784999999999962
2022-01-09 04:15:00+01:00,sell,0.4999999999999795,98.27,2022-01-09 15:30:00+01:00,12.283749999999497
2022-01-09 04:30:00+01:00,sell,2.0483614804334138e-14,98.27,2022-01-09 15:30:00+01:00,5.032312067054789e-13
2022-01-09 04:30:00+01:00,buy,0.5,41.6,2022-01-09 16:15:00+01:00,-5.2
2022-01-09 04:30:00+01:00,sell,0.49999999999998124,93.66,2022-01-09 22:00:00+01:00,11.70749999999956
2022-01-09 04:45:00+01:00,sell,0.5,92.08,2022-01-09 06:30:00+01:00,11.51
2022-01-09 04:45:00+01:00,sell,0.49999999999999756,32.53,2022-01-09 09:15:00+01:00,4.066249999999981
2022-01-09 04:45:00+01:00,buy,0.28944739819844356,35.0,2022-01-09 10:15:00+01:00,-2.532664734236381
2022-01-09 04:45:00+01:00,buy,0.4999999999999976,24.95,2022-01-09 16:45:00+01:00,-3.118749999999985
2022-01-09 04:45:00+01:00,sell,0.5,38.98,2022-01-09 17:00:00+01:00,4.8725
2022-01-09 04:45:00+01:00,buy,0.21055260180153987,89.78,2022-01-09 18:00:00+01:00,-4.725853147435562
2022-01-09 04:45:00+01:00,buy,0.5,22.72,2022-01-09 18:30:00+01:00,-2.84
2022-01-09 05:00:00+01:00,sell,0.21944739819847353,95.26,2022-01-09 06:45:00+01:00,5.226139788096647
2022-01-09 05:00:00+01:00,buy,0.5,91.8,2022-01-09 15:30:00+01:00,-11.475
2022-01-09 05:00:00+01:00,buy,0.21944739819844286,64.08,2022-01-09 18:00:00+01:00,-3.5155473191390545
2022-01-09 05:00:00+01:00,sell,0.5,42.82,2022-01-09 18:30:00+01:00,5.3525
2022-01-09 05:00:00+01:00,sell,0.5,96.91,2022-01-09 20:00:00+01:00,12.11375
2022-01-09 05:00:00+01:00,buy,0.49999999999999784,25.47,2022-01-09 21:30:00+01:00,-3.183749999999986
2022-01-09 05:15:00+01:00,sell,0.2805526018015265,95.26,2022-01-09 06:45:00+01:00,6.681360211903354
2022-01-09 05:15:00+01:00,buy,0.49999999999980593,70.29,2022-01-09 07:30:00+01:00,-8.78624999999659
2022-01-09 05:15:00+01:00,buy,0.49999999999999784,22.02,2022-01-09 12:15:00+01:00,-2.752499999999988
2022-01-09 05:15:00+01:00,sell,0.4999999999999978,62.14,2022-01-09 21:30:00+01:00,7.767499999999965
2022-01-09 05:15:00+01:00,sell,0.21944739819824507,95.04,2022-01-09 23:00:00+01:00,5.214070181190303
2022-01-09 05:30:00+01:00,sell,0.21944739819824663,98.41,2022-01-09 18:00:00+01:00,5.3989546141723626
2022-01-09 05:30:00+01:00,buy,0.21944739819824507,95.04,2022-01-09 23:00:00+01:00,-5.214070181190303
2022-01-09 05:45:00+01:00,sell,0.5,94.42,2022-01-09 09:15:00+01:00,11.8025
2022-01-09 05:45:00+01:00,sell,0.28055260180175334,98.41,2022-01-09 18:00:00+01:00,6.902295385827636
2022-01-09 05:45:00+01:00,sell,0.21944739819818546,93.84,2022-01-09 19:30:00+01:00,5.148235961729431
2022-01-09 05:45:00+01:00,buy,0.5,21.1,2022-01-09 20:00:00+01:00,-2.6375
2022-01-09 05:45:00+01:00,buy,0.49999999999998124,49.15,2022-01-09 22:00:00+01:00,-6.143749999999769
2022-01-09 06:00:00+01:00,buy,0.5,72.61,2022-01-09 18:00:00+01:00,-9.07625
2022-01-09 06:00:00+01:00,sell,0.5,99.75,2022-01-09 19:45:00+01:00,12.46875
2022-01-09 06:15:00+01:00,buy,0.5,86.36,2022-01-09 09:15:00+01:00,-10.795
2022-01-09 06:15:00+01:00,sell,0.4999999999999978,51.01,2022-01-09 12:15:00+01:00,6.376249999999971
2022-01-09 06:15:00+01:00,sell,0.5,92.34,2022-01-09 12:30:00+01:00,11.5425
2022-01-09 06:15:00+01:00,sell,0.35944739819821314,91.79,2022-01-09 15:30:00+01:00,8.248419170153497
2022-01-09 06:15:00+01:00,buy,0.33656674209089094,36.1,2022-01-09 17:30:00+01:00,-3.0375148473702906
2022-01-09 06:15:00+01:00,buy,0.16343325790910693,35.43,2022-01-09 20:15:00+01:00,-1.4476100819299147
2022-01-09 06:15:00+01:00,buy,0.5,54.11,2022-01-09 20:30:00+01:00,-6.76375
2022-01-09 06:15:00+01:00,sell,0.14055260180183193,88.16,2022-01-09 23:30:00+01:00,3.0977793437123755
2022-01-09 06:30:00+01:00,sell,0.070000000000047,94.18,2022-01-09 08:45:00+01:00,1.6481500000011067
2022-01-09 06:30:00+01:00,buy,0.5,92.34,2022-01-09 12:30:00+01:00,-11.5425
2022-01-09 06:30:00+01:00,sell,0.5,94.83,2022-01-09 14:30:00+01:00,11.85375
2022-01-09 06:30:00+01:00,buy,0.35944739819821314,91.79,2022-01-09 15:30:00+01:00,-8.248419170153497
2022-01-09 06:30:00+01:00,sell,0.3365667420908909,42.26,2022-01-09 17:30:00+01:00,3.555827630190262
2022-01-09 06:30:00+01:00,sell,0.16343325790910693,54.82,2022-01-09 20:15:00+01:00,2.2398527996443103
2022-01-09 06:30:00+01:00,buy,0.49999999999999784,28.88,2022-01-09 22:30:00+01:00,-3.6099999999999843
2022-01-09 06:30:00+01:00,sell,0.2894473981981662,88.16,2022-01-09 23:30:00+01:00,6.379420656287582
2022-01-09 06:45:00+01:00,buy,0.16343325790904875,31.23,2022-01-09 08:30:00+01:00,-1.2760051611248981
2022-01-09 06:45:00+01:00,sell,0.429999999999953,94.18,2022-01-09 08:45:00+01:00,10.124349999998893
2022-01-09 06:45:00+01:00,sell,0.07000000000008665,83.8,2022-01-09 19:15:00+01:00,1.4665000000018151
2022-01-09 06:45:00+01:00,buy,0.8365667420909491,28.38,2022-01-09 19:45:00+01:00,-5.935441035135283
2022-01-09 06:45:00+01:00,sell,0.49999999999999784,29.87,2022-01-09 22:30:00+01:00,3.733749999999984
2022-01-09 07:00:00+01:00,buy,0.08139534883732347,31.23,2022-01-09 08:30:00+01:00,-0.6354941860474029
2022-01-09 07:00:00+01:00,sell,0.07000000000009406,98.07,2022-01-09 11:15:00+01:00,1.7162250000023058
2022-01-09 07:00:00+01:00,buy,0.07000000000008665,83.8,2022-01-09 19:15:00+01:00,-1.4665000000018151
2022-01-09 07:00:00+01:00,sell,0.08139534883732341,28.38,2022-01-09 19:45:00+01:00,0.5775000000008096
2022-01-09 07:15:00+01:00,buy,2.6603719227580314e-14,98.07,2022-01-09 11:15:00+01:00,-6.522566861622002e-13
2022-01-09 07:15:00+01:00,buy,0.21944739819818546,25.07,2022-01-09 19:30:00+01:00,-1.3753865682071273
2022-01-09 07:15:00+01:00,sell,0.21944739819816805,88.53,2022-01-09 20:45:00+01:00,4.856919540620955
2022-01-09 07:30:00+01:00,sell,0.42999999999998295,80.51,2022-01-09 20:15:00+01:00,8.654824999999658
2022-01-09 07:30:00+01:00,buy,0.4299999999999981,37.25,2022-01-09 23:30:00+01:00,-4.004374999999983
2022-01-09 07:45:00+01:00,buy,0.49999999999999495,28.48,2022-01-09 10:45:00+01:00,-3.559999999999964
2022-01-09 07:45:00+01:00,sell,0.4300000000000444,92.65,2022-01-09 12:30:00+01:00,9.959875000001029
2022-01-09 07:45:00+01:00,sell,0.49999999999999767,42.57,2022-01-09 16:45:00+01:00,5.321249999999975
2022-01-09 07:45:00+01:00,buy,0.42999999999998295,80.51,2022-01-09 20:15:00+01:00,-8.654824999999658
2022-01-09 08:00:00+01:00,sell,0.42999999999999294,92.19,2022-01-09 09:00:00+01:00,9.910424999999837
2022-01-09 08:00:00+01:00,sell,0.06999999999995543,92.65,2022-01-09 12:30:00+01:00,1.6213749999989677
2022-01-09 08:00:00+01:00,buy,0.5,72.31,2022-01-09 14:30:00+01:00,-9.03875
2022-01-09 08:15:00+01:00,buy,0.4300000000000723,92.19,2022-01-09 09:00:00+01:00,-9.910425000001666
2022-01-09 08:15:00+01:00,sell,0.4300000000000723,99.23,2022-01-09 14:15:00+01:00,10.667225000001794
2022-01-09 08:30:00+01:00,buy,0.5,26.0,2022-01-09 12:30:00+01:00,-3.25
2022-01-09 08:30:00+01:00,sell,0.06999999999992768,99.23,2022-01-09 14:15:00+01:00,1.736524999998206
2022-01-09 08:30:00+01:00,sell,0.43000000000001903,91.99,2022-01-09 23:30:00+01:00,9.888925000000437
2022-01-09 08:45:00+01:00,buy,0.5,59.82,2022-01-09 14:15:00+01:00,-7.4775
2022-01-09 08:45:00+01:00,sell,0.49999999999999994,96.19,2022-01-09 14:45:00+01:00,12.023749999999998
2022-01-09 08:45:00+01:00,sell,5.551115123125783e-17,91.99,2022-01-09 23:30:00+01:00,1.2766177004408518e-15
2022-01-09 09:00:00+01:00,buy,0.06999999999998086,90.47,2022-01-09 14:45:00+01:00,-1.583224999999567
2022-01-09 09:00:00+01:00,sell,0.06999999999998091,92.12,2022-01-09 23:30:00+01:00,1.6120999999995604
2022-01-09 09:15:00+01:00,buy,0.4300000000000191,73.54,2022-01-09 14:45:00+01:00,-7.905550000000352
2022-01-09 09:15:00+01:00,sell,0.5,90.71,2022-01-09 15:45:00+01:00,11.33875
2022-01-09 09:15:00+01:00,sell,0.43000000000001903,74.08,2022-01-09 21:15:00+01:00,7.963600000000352
2022-01-09 09:15:00+01:00,buy,0.5,61.74,2022-01-09 23:30:00+01:00,-7.7175
2022-01-09 09:30:00+01:00,buy,0.0813953488371555,32.43,2022-01-09 13:15:00+01:00,-0.6599127906972383
2022-01-09 09:30:00+01:00,sell,0.5,85.8,2022-01-09 13:30:00+01:00,10.725
2022-01-09 09:30:00+01:00,sell,0.08139534883715496,22.55,2022-01-09 19:45:00+01:00,0.4588662790694611
2022-01-09 09:30:00+01:00,buy,0.21944739819816805,31.15,2022-01-09 20:45:00+01:00,-1.7089466134682336
2022-01-09 09:30:00+01:00,buy,0.2805526018018542,74.08,2022-01-09 21:15:00+01:00,-5.19583418537034
2022-01-09 09:45:00+01:00,sell,0.0813953488371555,32.43,2022-01-09 13:15:00+01:00,0.6599127906972383
2022-01-09 09:45:00+01:00,buy,0.5,48.31,2022-01-09 15:45:00+01:00,-6.03875
2022-01-09 09:45:00+01:00,buy,0.08139534883718141,22.55,2022-01-09 19:45:00+01:00,-0.45886627906961025
2022-01-09 09:45:00+01:00,sell,0.5,97.74,2022-01-09 23:00:00+01:00,12.2175
2022-01-09 10:00:00+01:00,buy,0.07000000000006745,78.35,2022-01-09 11:15:00+01:00,-1.371125000001321
2022-01-09 10:00:00+01:00,sell,0.07000000000010281,90.59,2022-01-09 18:30:00+01:00,1.5853250000023285
2022-01-09 10:15:00+01:00,buy,0.07000000000010287,80.71,2022-01-09 18:30:00+01:00,-1.4124250000020755
2022-01-09 10:15:00+01:00,sell,0.0700000000001028,92.05,2022-01-09 18:45:00+01:00,1.6108750000023657
2022-01-09 10:15:00+01:00,sell,1.3877787807814457e-17,64.98,2022-01-09 23:15:00+01:00,2.2544466293794586e-16
2022-01-09 10:30:00+01:00,buy,3.630429290524262e-14,92.05,2022-01-09 18:45:00+01:00,-8.354525404818957e-13
2022-01-09 10:30:00+01:00,buy,0.25517139325362626,25.7,2022-01-09 19:15:00+01:00,-1.6394762016545485
2022-01-09 10:30:00+01:00,sell,0.25517139325365223,84.63,2022-01-09 19:45:00+01:00,5.398788752764147
2022-01-09 10:30:00+01:00,buy,1.3877787807814457e-17,64.98,2022-01-09 23:15:00+01:00,-2.2544466293794586e-16
2022-01-09 10:45:00+01:00,sell,0.4300000000000465,97.52,2022-01-09 17:30:00+01:00,10.483400000001133
2022-01-09 10:45:00+01:00,sell,0.06999999999997658,96.82,2022-01-09 20:00:00+01:00,1.694349999999433
2022-01-09 10:45:00+01:00,buy,0.5,61.87,2022-01-09 23:00:00+01:00,-7.73375
2022-01-09 11:00:00+01:00,buy,0.5,92.83,2022-01-09 13:30:00+01:00,-11.60375
2022-01-09 11:00:00+01:00,sell,0.06999999999995343,97.43,2022-01-09 17:30:00+01:00,1.7050249999988658
2022-01-09 11:00:00+01:00,sell,0.43000000000004657,97.22,2022-01-09 20:00:00+01:00,10.451150000001132
2022-01-09 11:15:00+01:00,sell,2.3092638912203256e-14,97.4,2022-01-09 17:30:00+01:00,5.623057575121493e-13
2022-01-09 11:15:00+01:00,sell,0.25517139325362626,60.29,2022-01-09 19:15:00+01:00,3.8460708248152815
2022-01-09 11:15:00+01:00,buy,0.25517139325362626,28.09,2022-01-09 19:45:00+01:00,-1.7919411091235904
2022-01-09 11:15:00+01:00,buy,2.3092638912203256e-14,97.46,2022-01-09 20:00:00+01:00,-5.626521470958323e-13
2022-01-09 11:30:00+01:00,buy,0.5000000000000231,67.11,2022-01-09 17:30:00+01:00,-8.388750000000387
2022-01-09 11:30:00+01:00,sell,1.1102230246251565e-16,20.21,2022-01-09 19:45:00+01:00,5.609401831918604e-16
2022-01-09 11:30:00+01:00,buy,0.5,77.66,2022-01-09 20:00:00+01:00,-9.7075
2022-01-09 11:30:00+01:00,buy,0.14944739819816483,68.22,2022-01-09 21:15:00+01:00,-2.548825376269701
2022-01-09 11:30:00+01:00,sell,0.14944739819816502,89.69,2022-01-09 22:30:00+01:00,3.350984286098355
2022-01-09 11:30:00+01:00,sell,0.5,93.14,2022-01-09 23:30:00+01:00,11.6425
2022-01-09 11:30:00+01:00,sell,0.5,92.46,2022-01-09 23:45:00+01:00,11.5575
2022-01-09 11:45:00+01:00,sell,0.5,86.3,2022-01-09 23:00:00+01:00,10.7875
2022-01-09 12:00:00+01:00,sell,0.5000000000001003,81.24,2022-01-09 22:15:00+01:00,10.155000000002035
2022-01-09 12:00:00+01:00,buy,0.5,68.88,2022-01-09 23:30:00+01:00,-8.61
2022-01-09 12:15:00+01:00,sell,0.14944739819818934,80.87,2022-01-09 16:15:00+01:00,3.021452773071893
2022-01-09 12:15:00+01:00,sell,0.5,93.5,2022-01-09 17:00:00+01:00,11.6875
2022-01-09 12:15:00+01:00,buy,0.5000000000001003,55.26,2022-01-09 22:15:00+01:00,-6.907500000001384
2022-01-09 12:15:00+01:00,buy,0.14944739819816505,23.56,2022-01-09 22:30:00+01:00,-0.880245175387192
2022-01-09 12:30:00+01:00,sell,0.5,97.21,2022-01-09 16:00:00+01:00,12.15125
2022-01-09 12:30:00+01:00,buy,0.5,49.98,2022-01-09 17:00:00+01:00,-6.2475
2022-01-09 12:30:00+01:00,sell,1.992850329202156e-14,94.19,2022-01-09 23:30:00+01:00,4.692664312688777e-13
2022-01-09 12:45:00+01:00,sell,8.93729534823251e-15,92.59,2022-01-09 18:00:00+01:00,2.0687604407321203e-13
2022-01-09 12:45:00+01:00,sell,5.551115123125783e-17,29.79,2022-01-09 21:45:00+01:00,4.1341929879479265e-16
2022-01-09 13:00:00+01:00,sell,0.07000000000009647,95.88,2022-01-09 17:00:00+01:00,1.6779000000023123
2022-01-09 13:00:00+01:00,buy,0.07000000000006645,43.73,2022-01-09 18:45:00+01:00,-0.7652750000007265
2022-01-09 13:00:00+01:00,sell,0.25517139325362626,61.11,2022-01-09 19:45:00+01:00,3.898380960432275
2022-01-09 13:00:00+01:00,buy,0.2551713932536522,34.63,2022-01-09 22:45:00+01:00,-2.209146337093494
2022-01-09 13:15:00+01:00,buy,0.07000000000009643,92.01,2022-01-09 17:00:00+01:00,-1.6101750000022181
2022-01-09 13:15:00+01:00,buy,0.25517139325362626,35.38,2022-01-09 17:30:00+01:00,-2.256990973328324
2022-01-09 13:15:00+01:00,sell,0.07000000000006039,99.44,2022-01-09 17:45:00+01:00,1.7402000000015012
2022-01-09 13:15:00+01:00,sell,0.2551713932536522,38.57,2022-01-09 22:45:00+01:00,2.4604901594483413
2022-01-09 13:15:00+01:00,buy,0.5,72.05,2022-01-09 23:45:00+01:00,-9.00625
2022-01-09 13:30:00+01:00,buy,2.328692794151266e-14,99.44,2022-01-09 17:45:00+01:00,-5.789130286260047e-13
2022-01-09 13:45:00+01:00,sell,2.902392108712298e-14,91.26,2022-01-09 23:30:00+01:00,6.621807596027108e-13
2022-01-09 14:00:00+01:00,buy,0.07000000000003709,41.22,2022-01-09 17:45:00+01:00,-0.7213500000003822
2022-01-09 14:00:00+01:00,sell,0.5,94.24,2022-01-09 22:00:00+01:00,11.78
2022-01-09 14:00:00+01:00,buy,0.5000000000000001,80.2,2022-01-09 23:00:00+01:00,-10.025000000000002
2022-01-09 14:00:00+01:00,sell,0.06999999999999329,91.26,2022-01-09 23:30:00+01:00,1.597049999999847
2022-01-09 14:15:00+01:00,sell,1.84297022087776e-14,96.68,2022-01-09 22:00:00+01:00,4.454459023861546e-13
2022-01-09 14:45:00+01:00,sell,0.25517139325362637,78.44,2022-01-09 17:30:00+01:00,5.003911021703613
2022-01-09 14:45:00+01:00,buy,0.25517139325363525,32.84,2022-01-09 18:00:00+01:00,-2.0949571386123456
2022-01-09 14:45:00+01:00,buy,5.551115123125783e-17,34.42,2022-01-09 21:45:00+01:00,-4.776734563449736e-16
2022-01-09 15:00:00+01:00,sell,0.35055260180192055,98.91,2022-01-09 17:45:00+01:00,8.66828946105699
2022-01-09 15:00:00+01:00,sell,1.1102230246251565e-16,34.2,2022-01-09 18:00:00+01:00,9.49240686054509e-16
2022-01-09 15:00:00+01:00,sell,0.14944739819811703,98.19,2022-01-09 20:15:00+01:00,3.668560007268278
2022-01-09 15:00:00+01:00,buy,0.5000000000000184,56.92,2022-01-09 22:00:00+01:00,-7.115000000000262
2022-01-09 15:15:00+01:00,buy,0.14944739819811703,36.41,2022-01-09 20:15:00+01:00,-1.3603449420983602
2022-01-09 15:15:00+01:00,sell,0.14944739819811498,90.53,2022-01-09 22:30:00+01:00,3.3823682397188373
2022-01-09 15:45:00+01:00,sell,0.35055260180192055,97.68,2022-01-09 17:00:00+01:00,8.560494536002901
2022-01-09 15:45:00+01:00,buy,0.35055260180192055,82.86,2022-01-09 17:45:00+01:00,-7.261697146326784
2022-01-09 15:45:00+01:00,sell,0.25517139325362626,87.36,2022-01-09 18:00:00+01:00,5.572943228659198
2022-01-09 15:45:00+01:00,buy,0.25517139325362626,43.69,2022-01-09 19:30:00+01:00,-2.7871095428127326
2022-01-09 16:00:00+01:00,sell,2.2985938102970867e-14,82.86,2022-01-09 17:45:00+01:00,4.761537078030415e-13
2022-01-09 16:00:00+01:00,sell,0.25517139325362626,43.69,2022-01-09 19:30:00+01:00,2.7871095428127326
2022-01-09 16:00:00+01:00,buy,0.25517139325364924,27.67,2022-01-09 20:15:00+01:00,-1.7651481128321187
2022-01-09 16:00:00+01:00,buy,0.14944739819811492,65.23,2022-01-09 22:30:00+01:00,-2.437113446115759
2022-01-09 16:00:00+01:00,sell,0.1494473981981222,84.5,2022-01-09 22:45:00+01:00,3.1570762869353315
2022-01-09 16:15:00+01:00,sell,2.298593810297087e-14,44.67,2022-01-09 18:30:00+01:00,2.566954637649272e-13
2022-01-09 16:15:00+01:00,buy,3.40260236327026e-30,41.8,2022-01-09 18:45:00+01:00,-3.5557194696174213e-29
2022-01-09 16:15:00+01:00,buy,0.25517139325364924,21.1,2022-01-09 19:45:00+01:00,-1.3460290994129998
2022-01-09 16:15:00+01:00,sell,0.25517139325364924,52.83,2022-01-09 20:15:00+01:00,3.3701761763975724
2022-01-09 16:30:00+01:00,sell,0.07000000000004772,93.95,2022-01-09 22:15:00+01:00,1.644125000001121
2022-01-09 16:30:00+01:00,buy,0.0700000000000546,84.87,2022-01-09 23:30:00+01:00,-1.4852250000011586
2022-01-09 16:45:00+01:00,sell,1.2434497875801753e-14,84.87,2022-01-09 23:30:00+01:00,2.638289586798237e-13
2022-01-09 17:45:00+01:00,sell,1.2586596887790843e-14,62.02,2022-01-09 23:30:00+01:00,1.9515518474519702e-13
2022-01-09 18:30:00+01:00,sell,5.592748486549226e-15,87.56,2022-01-09 22:15:00+01:00,1.2242526437056256e-13
2022-01-09 18:45:00+01:00,sell,4.163336342344337e-17,87.56,2022-01-09 22:15:00+01:00,9.113543253391754e-16
2022-01-09 19:00:00+01:00,buy,0.07000000000005324,34.65,2022-01-09 22:15:00+01:00,-0.6063750000004612
2022-01-09 19:00:00+01:00,sell,0.07000000000004092,99.33,2022-01-09 23:15:00+01:00,1.738275000001016
2022-01-09 19:45:00+01:00,buy,0.1494473981981222,81.31,2022-01-09 22:45:00+01:00,-3.037891986872329
2022-01-09 19:45:00+01:00,sell,0.14944739819813524,98.37,2022-01-09 23:00:00+01:00,3.675285140187641
2022-01-09 20:00:00+01:00,sell,0.14944739819813688,81.31,2022-01-09 22:45:00+01:00,3.0378919868726273
2022-01-09 20:00:00+01:00,buy,0.14944739819813685,35.86,2022-01-09 23:00:00+01:00,-1.3397959248462967
2022-01-09 20:15:00+01:00,sell,1.5543122344752192e-15,35.86,2022-01-09 23:00:00+01:00,1.3934409182070339e-14
2022-01-09 20:45:00+01:00,buy,0.1494473981981369,61.97,2022-01-09 22:45:00+01:00,-2.315313816584636
2022-01-09 20:45:00+01:00,buy,0.07000000000004092,50.22,2022-01-09 23:15:00+01:00,-0.8788500000005137
2022-01-09 20:45:00+01:00,sell,0.21944739819814002,97.61,2022-01-09 23:45:00+01:00,5.355065134530112
2022-01-09 21:00:00+01:00,sell,0.21944739819814016,80.93,2022-01-09 22:15:00+01:00,4.439969484043871
